<?xml version="1.0" encoding="ISO-8859-1" ?>
<!DOCTYPE struts-config PUBLIC
"-//Apache Software Foundation//DTD Struts Configuration 1.3//EN"
"http://struts.apache.org/dtds/struts-config_1_3.dtd">
<struts-config>
<form-beans>
<form-bean name="register" type="action.UserLoginForm"></form-bean>
<form-bean name="ad" type="action.adminform"></form-bean>
</form-beans>
<global-exceptions>
</global-exceptions>
<global-forwards>
<forward name="welcome" path="/Welcome.do" />
</global-forwards>
<action-mappings>
<action path="/Welcome" forward="/pages/Welcome.jsp" />
<action path="/buyprocess" validate="true"
input="/jsp/UserLoginValidation.jsp" type="action.UserLoginAction"
name="register" scope="request">
<!--Where to dispatch -->
<forward name="result" path="/jsp/result.jsp" />
</action>

<action path="/admin" validate="true" input="/pages/Welcome.jsp" type="action.Adminaction" name="ad" scope="request">
<!--Where to dispatch -->
<forward name="success" path="/pages/adminpage.jsp" />
<forward name="error" path="/pages/Welcome.jsp" />
</action>
</action-mappings>

<message-resources parameter="java.MessageResources" />
<plug-in className="org.apache.struts.validator.ValidatorPlugIn">
<set-property property="pathnames"
value="/org/apache/struts/validator/validator-rules.xml,
/WEB-INF/validation.xml" />
</plug-in>
</struts-config>